{
  "jeans": [
    {
      "imgUrl": "https://images.meesho.com/images/products/17829975/454ae_512.jpg",
      "type": "Embroidered Rayon Straight Kurti",
      "rate": "₹258",
      "preprice": "₹358",
      "off": "28% off",
      "rating": "4.2 *",

      "discount": "₹100 discount on 1st order",
      "free": "free Delivery",
      "review": "2 reviews"
    },
    {
      "imgUrl": "https://images.meesho.com/images/products/22923958/41cc4_512.jpg",
      "type": "fancy kurta",
      "rate": "₹256",
      "preprice": "₹359",
      "off": "26% off",
      "rating": "3.2 *",

      "discount": "₹100 discount on 1st order",
      "free": "free Delivery",
      "review": "7 reviews"
    },
    {
      "imgUrl": "https://images.meesho.com/images/products/39517998/bcrba_512.jpg",
      "type": "Kashvi Ensemble Women Kurta Sets",
      "rate": "₹254",
      "preprice": "₹359",
      "off": "26% off",
      "rating": "3.9 *",

      "discount": "₹100 discount on 1st order",
      "free": "free Delivery",
      "review": "7 reviews"
    },
    {
      "imgUrl": "https://images.meesho.com/images/products/31114825/cnmjr_512.jpg",
      "type": "Charvi Graceful Kurtis",
      "rate": "₹404",
      "preprice": "₹550",
      "off": "26% off",
      "rating": "5.2 *",

      "discount": "₹100 discount on 1st order",
      "free": "free Delivery",
      "review": "5 reviews"
    },
    {
      "imgUrl": "https://images.meesho.com/images/products/17545214/f9d7a_512.jpg",
      "type": "Alluring Kurtis",
      "rate": "₹181",
      "preprice": "₹381",
      "off": "26% off",
      "rating": "3.1 *",

      "discount": "₹100 discount on 1st order",
      "free": "free Delivery",
      "review": "9 reviews"
    },
    {
      "imgUrl": "https://images.meesho.com/images/products/17545214/f9d7a_512.jpg",
      "type": "Banita Alluring ",
      "rate": "₹281",
      "preprice": "₹456",
      "off": "26% off",
      "rating": "4.2 *",

      "discount": "₹100 discount on 1st order",
      "free": "free Delivery",
      "review": "4 reviews"
    },
    {
      "imgUrl": "https://images.meesho.com/images/products/40411550/bgjy8_512.jpg",
      "type": "jeans Alluring ",
      "rate": "₹281",
      "preprice": "₹456",
      "off": "26% off",
      "rating": "2.2 *",

      "discount": "₹100 discount on 1st order",
      "free": "free Delivery",
      "review": "17 reviews"
    },
    {
      "imgUrl": "https://images.meesho.com/images/products/41649613/tz3qy_512.jpg",
      "type": "jeans welwet",
      "rate": "₹681",
      "preprice": "₹7546",
      "off": "66% off",
      "rating": "3.7 *",

      "discount": "₹100 discount on 1st order",
      "free": "free Delivery",
      "review": "57 reviews"
    }
  ],
  "data": [
    {
      "imgUrl": "https://images.meesho.com/images/products/56407091/8bhsv_512.jpg",
      "type": "Embroidered Rayon Straight Kurti",
      "rate": "₹258",
      "preprice": "₹358",
      "off": "28% off",
      "rating": "4.2 *",

      "discount": "₹100 discount on 1st order",
      "free": "free Delivery",
      "review": "2 reviews"
    },
    {
      "imgUrl": "https://images.meesho.com/images/products/15037795/46bfb_512.jpg",
      "type": "fancy kurta",
      "rate": "₹256",
      "preprice": "₹359",
      "off": "26% off",
      "rating": "3.2 *",

      "discount": "₹100 discount on 1st order",
      "free": "free Delivery",
      "review": "7 reviews"
    },
    {
      "imgUrl": "https://images.meesho.com/images/products/63649381/rhsss_512.jpg",
      "type": "Kashvi Ensemble Women Kurta Sets",
      "rate": "₹254",
      "preprice": "₹359",
      "off": "26% off",
      "rating": "3.9 *",

      "discount": "₹100  discount on 1st order",
      "free": "free Delivery",
      "review": "7reviews"
    },
    {
      "imgUrl": "https://images.meesho.com/images/products/45352693/vugox_512.jpg",
      "type": "Charvi Graceful Kurtis",
      "rate": "₹404",
      "preprice": "₹550",
      "off": "26% off",
      "rating": "5.2 *",

      "discount": "₹100 discount on 1st order",
      "free": "free Delivery",
      "review": "5 reviews"
    },
    {
      "imgUrl": "https://images.meesho.com/images/products/52069850/hywxn_512.jpg",
      "type": "Banita Alluring Kurtis",
      "rate": "₹181",
      "preprice": "₹381",
      "off": "26% off",
      "rating": "3.1 *",

      "discount": "₹100  discount on 1st order",
      "free": "free Delivery",
      "review": "9 reviews"
    },
    {
      "imgUrl": "https://images.meesho.com/images/products/22266877/76343_512.jpg",
      "type": "Banita Alluring Kurtis",
      "rate": "₹281",
      "preprice": "₹456",
      "off": "26% off",
      "rating": "4.2 *",

      "discount": "₹100 discount on 1st order",
      "free": "free Delivery",
      "review": "4 reviews"
    },
    {
      "imgUrl": "https://images.meesho.com/images/products/48178537/r6bhz_512.jpg",
      "type": "jeans Alluring Kurtis",
      "rate": "₹281",
      "preprice": "₹456",
      "off": "26% off",
      "rating": "2.2 *",

      "discount": "₹100 discount on 1st order",
      "free": "free Delivery",
      "review": "17 reviews"
    },
    {
      "imgUrl": "https://images.meesho.com/images/products/64670546/sh4uo_512.jpg",
      "type": "jeans Alluring Kurtis",
      "rate": "₹681",
      "preprice": "₹786",
      "off": "26% off",
      "rating": "3.7 *",

      "discount": "₹100 discount on 1st order",
      "free": "free Delivery",
      "review": "57 reviews"
    }
  ],

  "mensTshirt": [
    {
      "imgUrl": "https://images.meesho.com/images/products/20460492/fffbb_512.jpg",
      "type": "Embroidered Rayon Straight Kurti",
      "rate": "₹258",
      "preprice": "₹358",
      "off": "28% off",
      "rating": "4.2 *",

      "discount": "₹100 discount on 1st order",
      "free": "free Delivery",
      "review": "2 reviews"
    },
    {
      "imgUrl": "https://images.meesho.com/images/products/10106701/02119_512.jpg",
      "type": "Stylish T-Shirt",
      "rate": "₹256",
      "preprice": "₹359",
      "off": "26% off",
      "rating": "3.2 *",

      "discount": "₹100 discount on 1st order",
      "free": "free Delivery",
      "review": "7reviews"
    },
    {
      "imgUrl": "https://images.meesho.com/images/products/9449407/dddcc_512.jpg",
      "type": "Stylish T-Shirt",
      "rate": "₹256",
      "preprice": "₹359",
      "off": "26% off",
      "rating": "3.2 *",

      "discount": "₹100 discount on 1st order",
      "free": "free Delivery",
      "review": "7reviews"
    },
    {
      "imgUrl": "https://images.meesho.com/images/products/34623269/tpg16_512.jpg",
      "type": "Stylish T-Shirt",
      "rate": "₹256",
      "preprice": "₹359",
      "off": "26% off",
      "rating": "3.2 *",

      "discount": "₹100 discount on 1st order",
      "free": "free Delivery",
      "review": "7reviews"
    },
    {
      "imgUrl": "https://images.meesho.com/images/products/73134026/baoit_512.jpg",
      "type": "Stylish T-Shirt",
      "rate": "₹256",
      "preprice": "₹359",
      "off": "26% off",
      "rating": "3.2 *",

      "discount": "₹100 discount on 1st order",
      "free": "free Delivery",
      "review": "7reviews"
    },
    {
      "imgUrl": "https://images.meesho.com/images/products/74564726/dstk3_512.jpg",
      "type": "Stylish T-Shirt",
      "rate": "₹256",
      "preprice": "₹359",
      "off": "26% off",
      "rating": "3.2 *",

      "discount": "₹100 discount on 1st order",
      "free": "free Delivery",
      "review": "7reviews"
    },
    {
      "imgUrl": "https://images.meesho.com/images/products/27375023/sdori_512.jpg",
      "type": "Stylish T-Shirt",
      "rate": "₹256",
      "preprice": "₹359",
      "off": "26% off",
      "rating": "3.2 *",

      "discount": "₹100 discount on 1st order",
      "free": "free Delivery",
      "review": "7reviews"
    },
    {
      "imgUrl": "https://images.meesho.com/images/products/61830139/s2v4u_512.jpg",
      "type": "Stylish T-Shirt",
      "rate": "₹256",
      "preprice": "₹359",
      "off": "26% off",
      "rating": "3.2 *",

      "discount": "₹100 discount on 1st order",
      "free": "free Delivery",
      "review": "7reviews"
    },
    {
      "imgUrl": "https://images.meesho.com/images/products/81104635/todvs_512.jpg",
      "type": "Stylish T-Shirt",
      "rate": "₹256",
      "preprice": "₹359",
      "off": "26% off",
      "rating": "3.2 *",

      "discount": "₹100 discount on 1st order",
      "free": "free Delivery",
      "review": "7reviews"
    },
    {
      "imgUrl": "https://images.meesho.com/images/products/18538305/928fa_512.jpg",
      "type": "Stylish T-Shirt",
      "rate": "₹256",
      "preprice": "₹359",
      "off": "26% off",
      "rating": "3.2 *",

      "discount": "₹100 discount on 1st order",
      "free": "free Delivery",
      "review": "7reviews"
    },
    {
      "imgUrl": "https://images.meesho.com/images/products/11741801/0a65f_512.jpg",
      "type": "Stylish T-Shirt",
      "rate": "₹256",
      "preprice": "₹359",
      "off": "26% off",
      "rating": "3.2 *",

      "discount": "₹100 discount on 1st order",
      "free": "free Delivery",
      "review": "7reviews"
    }
  ]
}
